Country,Laid_Off
USA,541854.0
India,55212.0
Germany,28933.0
Sweden,17201.0
UK,17078.0
Canada,14195.0
Israel,14000.0
Ireland,12191.0
Japan,9298.0
Brazil,7029.0
Singapore,5316.0
Indonesia,4291.0
Australia,3164.0
Kenya,2042.0
China,1825.0
Nigeria,1290.0
France,1189.0
United Arabian Emirates,1088.0
Netherlands,1030.0
New Zealand,1025.0
Hong Kong,730.0
Austria,540.0
Denmark,514.0
Chile,495.0
United Kingdom,440.0
Russia,400.0
Spain,393.0
Estonia,386.0
Argentina,373.0
Luxembourg,370.0
South Korea,350.0
Poland,325.0
Czech Republic,316.0
Senegal,300.0
Finland,286.0
Norway,285.0
Cyprus,200.0
Mexico,170.0
Switzerland,168.0
Portugal,146.0
Uruquay,104.0
Malaysia,100.0
Cayman Islands,60.0
Thailand,55.0
Belgium,50.0
Malta,2.0
Lithuania,
Pakistan,
Romania,
