Industry,Laid_Off
Consumer,65642.0
Retail,62190.0
Hardware,60842.0
Other,57891.0
Software Development,43634.0
Transportation,42980.0
Finance,42857.0
Food,39006.0
E-commerce,30874.0
IT Services and IT Consulting,22066.0
Motor Vehicle Manufacturing,20020.0
Healthcare,17295.0
Infrastructure,16838.0
Real Estate,16339.0
Sales,16076.0
HR,15381.0
Telecommunication,15000.0
Travel,12661.0
Education,12022.0
Business Consulting and Services,11560.0
Crypto,11268.0
Marketing,9677.0
Data,9616.0
Fitness,9018.0
Security,9000.0
Appliances,9000.0
Media,8576.0
Energy,8271.0
Semiconductor Manufacturing,7145.0
Logistics,5004.0
Support,3899.0
Construction,3817.0
Aerospace,3277.0
Cloud technology,3000.0
Manufacturing,2910.0
Entertainment Providers,2180.0
Product,1680.0
e-commerce,1560.0
Semiconductors,1445.0
Job Search,1300.0
Gaming,1225.0
Computer Games,1020.0
IT Services,950.0
Hospitality,800.0
Online Gaming,780.0
Insurance Software Solutions,700.0
Legal,656.0
Technology. Information and Internet,650.0
Recruiting,576.0
HR and payroll software,500.0
AI,464.0
Outsourcing and Offshoring Consulting,400.0
Telecommunications,400.0
Higher Education,388.0
Logistic,350.0
Sports Platform,280.0
Fintech,260.0
Freelance services marketplace,250.0
Financial Services,241.0
Biotechnology Research,234.0
Autonomous-driving vehicles,200.0
Transportion,190.0
Cybersecurity,180.0
Advertising Services,180.0
Translation and Localization,160.0
Video-sharing social network,150.0
Cloud Technology Company,150.0
Insurance,135.0
FinTech,133.0
Online gaming,120.0
Higher Education Industry,108.0
Networking and security,106.0
AI. made in India. for the world.,100.0
Conversational chatbot tools,100.0
Electronics,100.0
Employment Marketplace,80.0
Consumer Services,80.0
AI chip startup,75.0
Appliances. Electrical. and Electronics Manufacturing,70.0
Vehicle Cybersecurity,65.0
Computer games,63.0
Conversation Media Platform,50.0
Online travel agency and search engine,50.0
SaaS,45.0
Business catering,40.0
SEO Software,36.0
Game Studio,30.0
The Animation Tool for UI/UX Designers.,30.0
AI transcription and captioning,22.0
Digital Intelligence,20.0
AI companion app,
AI startup,
Advancement of Semiconductor Technology,
Automotive,
Automotive Technology,
Autonomous Driving Company,
Computer and Network Security,
Computer memory,
Computers and Electronics Manufacturing,
E-Learning,
E-sport,
EV financing platform,
Enterprise Apple device management,
Environmental Services,
Game studio,
Legal Intelligence,
Meat Technologies,
Recruiting Platform,
Social media management,
Social media startup,
Social posting site,
Spectator Sports,
Travel Guidance Platform,
Venture Capital and Private Equity Principals,
Venture capital fund,
Wellness and Fitness Services,
Worker skills intelligence startup,
cloud,
