month,observed_layoffs,events,events_with_counts
2020-03,7441.0,61,61
2020-04,21864.0,151,151
2020-05,21404.0,65,65
2020-06,6092.0,28,28
2020-07,2198.0,10,10
2020-08,1853.0,7,7
2020-09,339.0,4,4
2020-10,110.0,2,2
2020-11,189.0,3,3
2020-12,120.0,1,1
2021-01,516.0,3,3
2021-02,332.0,3,3
2021-04,160.0,1,1
2021-06,2434.0,1,1
2021-08,37.0,1,1
2021-09,41.0,1,1
2021-11,2070.0,2,2
2021-12,1200.0,2,2
2022-01,180.0,2,2
2022-02,3385.0,7,7
2022-03,4514.0,10,10
2022-04,2506.0,12,12
2022-05,11535.0,46,46
2022-06,13444.0,107,107
2022-07,10562.0,76,76
2022-08,10769.0,67,67
2022-09,4164.0,37,37
2022-10,11114.0,52,52
2022-11,49457.0,100,100
2022-12,6182.0,56,56
2023-01,66329.0,108,108
2023-02,26000.0,68,68
2023-03,29338.0,47,47
2023-04,14681.0,47,47
2023-05,9242.0,40,40
2023-06,5771.0,37,37
2023-07,4231.0,29,29
2023-08,7298.0,31,31
2023-09,2585.0,20,20
2023-10,4026.0,22,22
2023-11,2546.0,12,12
2023-12,7081.0,44,27
2024-01,34007.0,120,77
2024-02,15512.0,77,45
2024-03,7322.0,34,21
2024-04,36844.0,76,50
2024-05,11536.0,57,40
2024-06,15987.0,76,52
2024-07,9051.0,39,23
2024-08,25724.0,48,26
2024-09,3765.0,30,18
2024-10,3569.0,38,19
2024-11,5439.0,39,27
2024-12,2268.0,23,12
2025-01,2807.0,29,16
2025-02,15830.0,48,35
2025-03,9125.0,23,18
2025-04,24545.0,26,15
2025-05,10397.0,26,18
2025-06,1306.0,14,11
2025-07,29066.0,34,19
2025-08,8956.0,18,14
2025-09,21340.0,33,23
2025-10,34124.0,24,18
2025-11,40638.0,35,23
2025-12,2311.0,22,14
