mean_fit_time,std_fit_time,mean_score_time,std_score_time,param_svc__C,param_svc__gamma,param_svc,params,split0_test_score,split1_test_score,split2_test_score,split3_test_score,split4_test_score,mean_test_score,std_test_score,rank_test_score
0.03175897598266601,0.01063575798608937,0.003204536437988281,0.0004010492318747347,0.1,scale,,"{'svc__C': 0.1, 'svc__gamma': 'scale'}",0.9912280701754386,0.9994840041279669,0.9840041279669762,0.9742002063983488,0.981940144478844,0.9861713106295149,0.008587262770986455,18
0.01391143798828125,0.0003740028227705496,0.003604745864868164,0.0003762090943321302,0.1,0.001,,"{'svc__C': 0.1, 'svc__gamma': 0.001}",0.9917440660474717,1.0,0.9809081527347782,0.9705882352941176,0.9855521155830753,0.9857585139318885,0.009923232512896285,19
0.010510587692260742,6.276524755570904e-06,0.0029100418090820313,0.0003726396083747553,0.1,0.01,,"{'svc__C': 0.1, 'svc__gamma': 0.01}",0.9943240454076367,1.0,0.9876160990712074,0.9731682146542827,0.9871001031991744,0.9884416924664603,0.008988405196250453,15
0.015117263793945313,0.002815767559994319,0.0037041664123535155,0.0008679105214129298,0.1,0.1,,"{'svc__C': 0.1, 'svc__gamma': 0.1}",0.9809081527347782,0.9953560371517027,0.9834881320949432,0.9742002063983488,0.978328173374613,0.9824561403508772,0.007142396892878529,20
0.007407331466674804,0.0004861790275996175,0.002703428268432617,0.00039829249058220665,1.0,scale,,"{'svc__C': 1, 'svc__gamma': 'scale'}",0.9974200206398349,0.9989680082559339,0.9984520123839009,0.9855521155830753,0.9943240454076367,0.9949432404540763,0.00496429864635942,4
0.009406185150146485,0.00020297998415081016,0.0026025772094726562,0.0005842178427467192,1.0,0.001,,"{'svc__C': 1, 'svc__gamma': 0.001}",0.9943240454076367,0.9994840041279669,0.9922600619195047,0.9731682146542828,0.9917440660474717,0.9901960784313726,0.00894326689093631,13
0.006505537033081055,0.00031674348905639935,0.0027047157287597655,0.00024395021635425934,1.0,0.01,,"{'svc__C': 1, 'svc__gamma': 0.01}",0.9974200206398348,0.9989680082559339,0.9974200206398349,0.9809081527347782,0.9953560371517027,0.9940144478844168,0.006652945907651654,9
0.010420846939086913,0.00037517568819033236,0.0024003505706787108,0.0004890502986585886,1.0,0.1,,"{'svc__C': 1, 'svc__gamma': 0.1}",0.9927760577915377,0.9963880288957688,0.9938080495356038,0.9881320949432404,0.9886480908152735,0.9919504643962849,0.003140376481878846,11
0.0067139148712158205,0.0004000597374675649,0.002602958679199219,0.000488256303887595,10.0,scale,,"{'svc__C': 10, 'svc__gamma': 'scale'}",0.9958720330237358,0.9989680082559339,0.9974200206398349,0.9824561403508771,0.9927760577915377,0.993498452012384,0.005888686323090673,10
0.006308317184448242,0.0002497717914127111,0.00230255126953125,0.0003994932946445724,10.0,0.001,,"{'svc__C': 10, 'svc__gamma': 0.001}",0.9969040247678018,0.9989680082559339,0.9979360165118679,0.9803921568627452,0.9969040247678018,0.9942208462332301,0.0069565736001455615,8
0.005906105041503906,0.0009652676674239408,0.0019279956817626954,0.00021803717847833487,10.0,0.01,,"{'svc__C': 10, 'svc__gamma': 0.01}",0.9963880288957688,0.9994840041279669,0.998452012383901,0.9850361197110423,0.9974200206398348,0.9953560371517028,0.005262146040859415,3
0.010309791564941407,0.0007492571505801057,0.0029039382934570312,0.0004926160809967091,10.0,0.1,,"{'svc__C': 10, 'svc__gamma': 0.1}",0.9860681114551084,0.9901960784313726,0.9901960784313726,0.9824561403508771,0.9860681114551084,0.9869969040247678,0.0029262016261626307,16
0.0070075511932373045,0.00045028688482654856,0.002401924133300781,0.0004902935472348776,100.0,scale,,"{'svc__C': 100, 'svc__gamma': 'scale'}",0.9896800825593395,0.9943240454076367,0.9938080495356038,0.9788441692466461,0.9896800825593395,0.9892672858617131,0.0055708439943305465,14
0.005205488204956055,0.0005111182688969905,0.002402973175048828,0.0003748634749622194,100.0,0.001,,"{'svc__C': 100, 'svc__gamma': 0.001}",0.9969040247678018,0.9989680082559339,0.9994840041279669,0.9876160990712075,0.9969040247678018,0.9959752321981423,0.004309724049085829,1
0.005712652206420898,0.00024812773065823314,0.002001380920410156,1.4666134356717776e-06,100.0,0.01,,"{'svc__C': 100, 'svc__gamma': 0.01}",0.9963880288957688,1.0,0.9979360165118679,0.9834881320949433,0.9953560371517027,0.9946336429308567,0.005788360644945328,6
0.010220766067504883,0.000687118953164364,0.0028012275695800783,0.0004009276316468062,100.0,0.1,,"{'svc__C': 100, 'svc__gamma': 0.1}",0.9840041279669762,0.9891640866873065,0.9901960784313726,0.9819401444788441,0.9860681114551084,0.9862745098039216,0.003089087625819577,17
0.0037088394165039062,0.000515049956671198,0.0017034530639648438,0.000604630783904038,0.01,,LogisticRegression(max_iter=2000),"{'svc': LogisticRegression(max_iter=2000), 'svc__C': 0.01}",0.9948400412796697,0.9989680082559339,0.9958720330237358,0.9736842105263157,0.9922600619195046,0.991124871001032,0.008981293177310478,12
0.0037053585052490234,0.0006035421661874866,0.0020057201385498048,0.0008424513876747609,0.1,,LogisticRegression(max_iter=2000),"{'svc': LogisticRegression(max_iter=2000), 'svc__C': 0.1}",0.9969040247678018,0.9989680082559339,0.9989680082559339,0.9840041279669762,0.9958720330237358,0.9949432404540763,0.005599446838493512,4
0.00420527458190918,0.00025286038318985066,0.0018024921417236328,0.00039663403674441414,1.0,,LogisticRegression(max_iter=2000),"{'svc': LogisticRegression(max_iter=2000), 'svc__C': 1}",0.9948400412796697,0.9989680082559339,1.0,0.9871001031991744,0.9979360165118679,0.9957688338493291,0.004665698474904977,2
0.005910730361938477,0.0009737262946841506,0.0017009735107421874,0.0003993106963921431,10.0,,LogisticRegression(max_iter=2000),"{'svc': LogisticRegression(max_iter=2000), 'svc__C': 10}",0.9938080495356036,0.9958720330237358,0.9979360165118679,0.9876160990712075,0.9963880288957689,0.9943240454076367,0.0036045921974350737,7
