mean_fit_time,std_fit_time,mean_score_time,std_score_time,param_logisticregression,param_logisticregression__C,param_logisticregression__class_weight,param_logisticregression__max_depth,param_logisticregression__min_samples_leaf,param_logisticregression__gamma,split0_test_score,split1_test_score,split2_test_score,split3_test_score,split4_test_score,mean_test_score,std_test_score,rank_test_score
0.009599828720092773,0.000490682201265893,0.0043045997619628905,0.000404931097393308,LogisticRegression(max_iter=2000),0.01,,,,,0.5520833333333334,0.5431547619047619,0.5133928571428572,0.5163690476190477,0.5625,0.5375,0.019479843061849467,18
0.011100435256958007,0.0010198768061672901,0.004201030731201172,0.00039931032627193633,LogisticRegression(max_iter=2000),0.01,balanced,,,,0.7083333333333333,0.7202380952380952,0.7678571428571428,0.6383928571428572,0.7276785714285714,0.7125,0.042104418170525224,3
0.010999441146850586,0.0006330154887912427,0.0045049190521240234,0.00044506390009639004,LogisticRegression(max_iter=2000),0.1,,,,,0.65625,0.6964285714285714,0.6145833333333334,0.5505952380952381,0.7172619047619048,0.6470238095238094,0.05968282331703962,17
0.010199308395385742,0.0004000693026720901,0.004201173782348633,0.00040173531993560314,LogisticRegression(max_iter=2000),0.1,balanced,,,,0.7678571428571428,0.7455357142857143,0.7470238095238095,0.6205357142857143,0.6904761904761905,0.7142857142857144,0.05343070140478888,1
0.012505102157592773,0.0009995138966429657,0.004199361801147461,0.00040025816152206077,LogisticRegression(max_iter=2000),1.0,,,,,0.6636904761904762,0.7053571428571428,0.6056547619047619,0.5565476190476191,0.7217261904761905,0.6505952380952381,0.061797354165525634,16
0.012201690673828125,0.0011644865086907264,0.0038004398345947267,0.000399973708549775,LogisticRegression(max_iter=2000),1.0,balanced,,,,0.7261904761904762,0.7410714285714286,0.6741071428571428,0.6041666666666667,0.6994047619047619,0.6889880952380952,0.04821061126503948,11
0.012502670288085938,0.0026134121451927565,0.004001760482788086,1.3951052511527817e-06,LogisticRegression(max_iter=2000),10.0,,,,,0.6741071428571428,0.7157738095238095,0.6116071428571428,0.5610119047619048,0.7172619047619048,0.6559523809523808,0.061069223946098136,15
0.012302684783935546,0.0009863680084978323,0.003999948501586914,5.642013342952362e-07,LogisticRegression(max_iter=2000),10.0,balanced,,,,0.7157738095238095,0.7366071428571428,0.6428571428571428,0.6041666666666667,0.71875,0.6836309523809524,0.051088283931857,12
0.25258803367614746,0.0025531430894450056,0.03773345947265625,0.00040010444132655877,"RandomForestClassifier(n_estimators=300, n_jobs=4, random_state=42)",,balanced,5,3.0,,0.7470238095238095,0.7410714285714286,0.7053571428571428,0.6101190476190477,0.7351190476190477,0.7077380952380953,0.050871096712432125,7
0.25371899604797366,0.003004598725390904,0.03783783912658691,0.0004027705649150183,"RandomForestClassifier(n_estimators=300, n_jobs=4, random_state=42)",,balanced,5,8.0,,0.7425595238095238,0.7366071428571428,0.7217261904761905,0.6071428571428572,0.7053571428571428,0.7026785714285714,0.04947463504131842,9
0.2562675476074219,0.008529865945907779,0.038750410079956055,0.0014352588319348992,"RandomForestClassifier(n_estimators=300, n_jobs=4, random_state=42)",,balanced,,3.0,,0.7410714285714286,0.7276785714285714,0.7098214285714286,0.6205357142857143,0.7470238095238095,0.7092261904761905,0.0461511092675064,6
0.25083074569702146,0.0006689960686064777,0.037764120101928714,0.000287624774604159,"RandomForestClassifier(n_estimators=300, n_jobs=4, random_state=42)",,balanced,,8.0,,0.7514880952380952,0.7514880952380952,0.7127976190476191,0.6294642857142857,0.71875,0.712797619047619,0.044662694005485885,2
0.06090707778930664,0.0003746289394484433,0.009502983093261719,0.0004465643657753834,"SVC(probability=True, random_state=42)",0.1,balanced,,,scale,0.7321428571428572,0.6785714285714286,0.7202380952380952,0.6502976190476191,0.7291666666666667,0.7020833333333334,0.032252898057485886,10
0.061403751373291016,0.0009666287813094649,0.009502029418945313,0.0004482555025205104,"SVC(probability=True, random_state=42)",0.1,balanced,,,0.01,0.6443452380952381,0.6711309523809523,0.7232142857142857,0.5907738095238095,0.6979166666666667,0.6654761904761906,0.045705604334410635,13
0.052836132049560544,0.0010691578429915549,0.008501768112182617,0.0004467076312084414,"SVC(probability=True, random_state=42)",1.0,balanced,,,scale,0.7351190476190477,0.7127976190476191,0.7157738095238095,0.6532738095238095,0.7380952380952381,0.7110119047619048,0.03057519725324484,4
0.05335531234741211,0.0010471005751318265,0.008901453018188477,0.00019721990627752823,"SVC(probability=True, random_state=42)",1.0,balanced,,,0.01,0.7440476190476191,0.7232142857142857,0.75,0.6428571428571428,0.6919642857142857,0.7104166666666666,0.039411774660111566,5
0.06620397567749023,0.0012907152586115326,0.008100938796997071,0.0004880948428013937,"SVC(probability=True, random_state=42)",10.0,balanced,,,scale,0.6845238095238095,0.6607142857142857,0.6726190476190477,0.5922619047619048,0.7053571428571428,0.6630952380952382,0.03836400724838575,14
0.05030488967895508,0.0013639779090913854,0.007800102233886719,0.0007489656213470949,"SVC(probability=True, random_state=42)",10.0,balanced,,,0.01,0.7247023809523809,0.7321428571428572,0.71875,0.6398809523809523,0.7202380952380952,0.7071428571428572,0.033952059538984926,8
