model,epoch,train_loss,accuracy,balanced_accuracy,macro_f1,weighted_f1
MLP baseline,1,0.5931409369123742,0.8451666666666666,0.8451666666666666,0.844191253250408,0.8441912532504081
MLP baseline,2,0.4219520218828891,0.864,0.8640000000000001,0.863722564983856,0.8637225649838559
MLP baseline,3,0.3813737694253313,0.8720833333333333,0.8720833333333333,0.8734312583094936,0.8734312583094936
MLP baseline,4,0.35433374456268674,0.8793333333333333,0.8793333333333333,0.8788618468972433,0.8788618468972433
MLP baseline,5,0.3386445345079645,0.88175,0.88175,0.8810867349353011,0.8810867349353011
Regularized CNN,1,0.5361431166529655,0.8945,0.8945000000000001,0.894214896689277,0.894214896689277
Regularized CNN,2,0.31242334026288476,0.8886666666666667,0.8886666666666667,0.8863782839149904,0.8863782839149903
Regularized CNN,3,0.2687746167499968,0.9133333333333333,0.9133333333333333,0.9129357208811489,0.912935720881149
Regularized CNN,4,0.2353816476274044,0.92375,0.9237499999999998,0.9238724282656475,0.9238724282656476
Regularized CNN,5,0.2117859185376066,0.9299166666666666,0.9299166666666666,0.9298781654771417,0.9298781654771417
Regularized CNN,6,0.1952553483399939,0.931,0.931,0.9313516739273477,0.9313516739273476
Regularized CNN,7,0.177966445208864,0.9334166666666667,0.9334166666666667,0.9335257117539598,0.9335257117539599
Regularized CNN,8,0.16426857152676327,0.9363333333333334,0.9363333333333335,0.936202474823622,0.9362024748236218
Regularized CNN,9,0.1533335475052925,0.93825,0.93825,0.9381394842869921,0.9381394842869919
Regularized CNN,10,0.1504244549952923,0.9386666666666666,0.9386666666666666,0.9385286060665861,0.9385286060665861
